what,kind,bundleId,bundleVersion,description,time
executed,command,org.eclipse.ui,3.7.0.I20110602-0100,"org.eclipse.ui.edit.copy",1329507765676
executed,command,org.eclipse.ui,3.7.0.I20110602-0100,"org.eclipse.ui.edit.paste",1329507766754
executed,command,org.eclipse.ui,3.7.0.I20110602-0100,"org.eclipse.ui.file.save",1329507774397
activated,view,org.eclipse.ui.console,3.5.100.v20110511,"org.eclipse.ui.console.ConsoleView",1329507777826
activated,editor,org.eclipse.jdt.ui,3.7.1.r371_v20110824-0800,"org.eclipse.jdt.ui.CompilationUnitEditor",1329507779901
activated,view,org.eclipse.ui.navigator.resources,3.4.300.I20110421-1800,"org.eclipse.ui.navigator.ProjectExplorer",1329507780710
executed,command,org.eclipse.m2e.launching,1.0.100.20110804-1717,"org.eclipse.m2e.actions.LifeCycleInstall.run",1329507783756
deactivated,workbench,org.eclipse.ui.workbench,3.7.0.I20110519-0100,"",1329507788386
activated,workbench,org.eclipse.ui.workbench,3.7.0.I20110519-0100,"",1329507791763
deactivated,workbench,org.eclipse.ui.workbench,3.7.0.I20110519-0100,"",1329507800138
activated,workbench,org.eclipse.ui.workbench,3.7.0.I20110519-0100,"",1329507816105
activated,editor,org.eclipse.jdt.ui,3.7.1.r371_v20110824-0800,"org.eclipse.jdt.ui.CompilationUnitEditor",1329507816133
activated,editor,org.eclipse.jdt.ui,3.7.1.r371_v20110824-0800,"org.eclipse.jdt.ui.CompilationUnitEditor",1329507821671
deactivated,workbench,org.eclipse.ui.workbench,3.7.0.I20110519-0100,"",1329507827772
activated,workbench,org.eclipse.ui.workbench,3.7.0.I20110519-0100,"",1329507901542
activated,editor,org.eclipse.jdt.ui,3.7.1.r371_v20110824-0800,"org.eclipse.jdt.ui.CompilationUnitEditor",1329507909305
activated,editor,org.eclipse.jdt.ui,3.7.1.r371_v20110824-0800,"org.eclipse.jdt.ui.CompilationUnitEditor",1329507911679
activated,editor,org.eclipse.jdt.ui,3.7.1.r371_v20110824-0800,"org.eclipse.jdt.ui.CompilationUnitEditor",1329507916040
activated,editor,org.eclipse.jdt.ui,3.7.1.r371_v20110824-0800,"org.eclipse.jdt.ui.CompilationUnitEditor",1329507917342
opened,editor,org.eclipse.jdt.ui,3.7.1.r371_v20110824-0800,"org.eclipse.jdt.ui.ClassFileEditor",1329507924891
activated,editor,org.eclipse.jdt.ui,3.7.1.r371_v20110824-0800,"org.eclipse.jdt.ui.ClassFileEditor",1329507925005
activated,editor,org.eclipse.jdt.ui,3.7.1.r371_v20110824-0800,"org.eclipse.jdt.ui.CompilationUnitEditor",1329507926608
closed,editor,org.eclipse.jdt.ui,3.7.1.r371_v20110824-0800,"org.eclipse.jdt.ui.ClassFileEditor",1329507926609
executed,command,org.eclipse.ui,3.7.0.I20110602-0100,"org.eclipse.ui.edit.text.contentAssist.proposals",1329507929789
deactivated,workbench,org.eclipse.ui.workbench,3.7.0.I20110519-0100,"",1329507934452
activated,workbench,org.eclipse.ui.workbench,3.7.0.I20110519-0100,"",1329507953935
activated,editor,org.eclipse.jdt.ui,3.7.1.r371_v20110824-0800,"org.eclipse.jdt.ui.CompilationUnitEditor",1329507960916
activated,editor,org.eclipse.jdt.ui,3.7.1.r371_v20110824-0800,"org.eclipse.jdt.ui.CompilationUnitEditor",1329507965048
deactivated,workbench,org.eclipse.ui.workbench,3.7.0.I20110519-0100,"",1329507980230
activated,workbench,org.eclipse.ui.workbench,3.7.0.I20110519-0100,"",1329508037941
deactivated,workbench,org.eclipse.ui.workbench,3.7.0.I20110519-0100,"",1329508052116
activated,workbench,org.eclipse.ui.workbench,3.7.0.I20110519-0100,"",1329508246661
deactivated,workbench,org.eclipse.ui.workbench,3.7.0.I20110519-0100,"",1329508271947
activated,workbench,org.eclipse.ui.workbench,3.7.0.I20110519-0100,"",1329508430940
activated,editor,org.eclipse.jdt.ui,3.7.1.r371_v20110824-0800,"org.eclipse.jdt.ui.CompilationUnitEditor",1329508432330
executed,command,org.eclipse.ui,3.7.0.I20110602-0100,"org.eclipse.ui.edit.paste",1329508434645
deactivated,workbench,org.eclipse.ui.workbench,3.7.0.I20110519-0100,"",1329508436549
executed,command,org.eclipse.jdt.ui,3.7.1.r371_v20110824-0800,"org.eclipse.jdt.ui.edit.text.java.organize.imports",1329508441409
activated,workbench,org.eclipse.ui.workbench,3.7.0.I20110519-0100,"",1329508441427
deactivated,workbench,org.eclipse.ui.workbench,3.7.0.I20110519-0100,"",1329508448190
activated,workbench,org.eclipse.ui.workbench,3.7.0.I20110519-0100,"",1329508464219
executed,command,org.eclipse.ui,3.7.0.I20110602-0100,"org.eclipse.ui.edit.cut",1329508467155
executed,command,org.eclipse.jdt.ui,3.7.1.r371_v20110824-0800,"org.eclipse.jdt.ui.edit.text.java.organize.imports",1329508468234
executed,command,org.eclipse.ui,3.7.0.I20110602-0100,"org.eclipse.ui.file.save",1329508469198
activated,editor,org.eclipse.jdt.ui,3.7.1.r371_v20110824-0800,"org.eclipse.jdt.ui.CompilationUnitEditor",1329508470041
executed,command,org.eclipse.ui,3.7.0.I20110602-0100,"org.eclipse.ui.edit.paste",1329508472775
executed,command,org.eclipse.jdt.ui,3.7.1.r371_v20110824-0800,"org.eclipse.jdt.ui.edit.text.java.organize.imports",1329508474326
executed,command,org.eclipse.ui,3.7.0.I20110602-0100,"org.eclipse.ui.file.save",1329508475270
activated,view,org.eclipse.ui.console,3.5.100.v20110511,"org.eclipse.ui.console.ConsoleView",1329508476650
activated,view,org.eclipse.ui.navigator.resources,3.4.300.I20110421-1800,"org.eclipse.ui.navigator.ProjectExplorer",1329508479752
executed,command,org.eclipse.m2e.launching,1.0.100.20110804-1717,"org.eclipse.m2e.actions.LifeCycleInstall.run",1329508481865
deactivated,workbench,org.eclipse.ui.workbench,3.7.0.I20110519-0100,"",1329508491612
activated,workbench,org.eclipse.ui.workbench,3.7.0.I20110519-0100,"",1329508492672
deactivated,workbench,org.eclipse.ui.workbench,3.7.0.I20110519-0100,"",1329508499980
activated,workbench,org.eclipse.ui.workbench,3.7.0.I20110519-0100,"",1329508561696
deactivated,workbench,org.eclipse.ui.workbench,3.7.0.I20110519-0100,"",1329508563118
activated,workbench,org.eclipse.ui.workbench,3.7.0.I20110519-0100,"",1329509483101
opened,editor,org.eclipse.m2e.editor,1.0.100.20110804-1717,"org.eclipse.m2e.editor.MavenPomEditor",1329509485757
activated,editor,org.eclipse.m2e.editor,1.0.100.20110804-1717,"org.eclipse.m2e.editor.MavenPomEditor",1329509485878
executed,command,org.eclipse.ui,3.7.0.I20110602-0100,"org.eclipse.ui.edit.copy",1329509493413
deactivated,workbench,org.eclipse.ui.workbench,3.7.0.I20110519-0100,"",1329509494834
activated,workbench,org.eclipse.ui.workbench,3.7.0.I20110519-0100,"",1329509538884
executed,command,org.eclipse.ui,3.7.0.I20110602-0100,"org.eclipse.ui.edit.selectAll",1329509539799
executed,command,org.eclipse.ui,3.7.0.I20110602-0100,"org.eclipse.ui.edit.copy",1329509540086
deactivated,workbench,org.eclipse.ui.workbench,3.7.0.I20110519-0100,"",1329509541641
activated,workbench,org.eclipse.ui.workbench,3.7.0.I20110519-0100,"",1329510668419
deactivated,workbench,org.eclipse.ui.workbench,3.7.0.I20110519-0100,"",1329510671884
activated,workbench,org.eclipse.ui.workbench,3.7.0.I20110519-0100,"",1329511629988
activated,view,org.eclipse.ui.navigator.resources,3.4.300.I20110421-1800,"org.eclipse.ui.navigator.ProjectExplorer",1329511631183
executed,command,org.eclipse.ui,3.7.0.I20110602-0100,"org.eclipse.ui.navigate.collapseAll",1329511631293
executed,command,org.eclipse.m2e.launching,1.0.100.20110804-1717,"org.eclipse.m2e.actions.LifeCycleClean.run",1329511634868
activated,view,org.eclipse.ui.console,3.5.100.v20110511,"org.eclipse.ui.console.ConsoleView",1329511641550
activated,view,org.eclipse.ui.navigator.resources,3.4.300.I20110421-1800,"org.eclipse.ui.navigator.ProjectExplorer",1329511645173
executed,command,org.eclipse.m2e.launching,1.0.100.20110804-1717,"org.eclipse.m2e.actions.LifeCycleInstall.run",1329511647396
executed,command,org.eclipse.m2e.launching,1.0.100.20110804-1717,"org.eclipse.m2e.actions.LifeCycleClean.run",1329511657879
deactivated,workbench,org.eclipse.ui.workbench,3.7.0.I20110519-0100,"",1329511661439
activated,workbench,org.eclipse.ui.workbench,3.7.0.I20110519-0100,"",1329512133151
deactivated,workbench,org.eclipse.ui.workbench,3.7.0.I20110519-0100,"",1329512134228
activated,workbench,org.eclipse.ui.workbench,3.7.0.I20110519-0100,"",1329512889651
activated,editor,org.eclipse.m2e.editor,1.0.100.20110804-1717,"org.eclipse.m2e.editor.MavenPomEditor",1329512891262
activated,view,org.eclipse.ui.navigator.resources,3.4.300.I20110421-1800,"org.eclipse.ui.navigator.ProjectExplorer",1329512892171
closed,editor,org.eclipse.jdt.ui,3.7.1.r371_v20110824-0800,"org.eclipse.jdt.ui.CompilationUnitEditor",1329512892171
closed,editor,org.eclipse.jdt.ui,3.7.1.r371_v20110824-0800,"org.eclipse.jdt.ui.CompilationUnitEditor",1329512892192
closed,editor,org.eclipse.jdt.ui,3.7.1.r371_v20110824-0800,"org.eclipse.jdt.ui.CompilationUnitEditor",1329512892256
closed,editor,org.eclipse.m2e.editor,1.0.100.20110804-1717,"org.eclipse.m2e.editor.MavenPomEditor",1329512892295
activated,view,org.eclipse.ui.console,3.5.100.v20110511,"org.eclipse.ui.console.ConsoleView",1329512893089
activated,view,org.eclipse.ui.navigator.resources,3.4.300.I20110421-1800,"org.eclipse.ui.navigator.ProjectExplorer",1329512894247
executed,command,org.eclipse.m2e.launching,1.0.100.20110804-1717,"org.eclipse.m2e.actions.LifeCycleInstall.run",1329512896375
deactivated,workbench,org.eclipse.ui.workbench,3.7.0.I20110519-0100,"",1329512897831
activated,workbench,org.eclipse.ui.workbench,3.7.0.I20110519-0100,"",1329513200485
activated,view,org.eclipse.ui.console,3.5.100.v20110511,"org.eclipse.ui.console.ConsoleView",1329513201441
activated,view,org.eclipse.ui.navigator.resources,3.4.300.I20110421-1800,"org.eclipse.ui.navigator.ProjectExplorer",1329513202750
deactivated,workbench,org.eclipse.ui.workbench,3.7.0.I20110519-0100,"",1329513205661
activated,workbench,org.eclipse.ui.workbench,3.7.0.I20110519-0100,"",1329513206911
deactivated,workbench,org.eclipse.ui.workbench,3.7.0.I20110519-0100,"",1329513215882
activated,workbench,org.eclipse.ui.workbench,3.7.0.I20110519-0100,"",1329513234278
opened,editor,org.eclipse.jdt.ui,3.7.1.r371_v20110824-0800,"org.eclipse.jdt.ui.CompilationUnitEditor",1329513243219
activated,editor,org.eclipse.jdt.ui,3.7.1.r371_v20110824-0800,"org.eclipse.jdt.ui.CompilationUnitEditor",1329513243355
activated,view,org.eclipse.ui.navigator.resources,3.4.300.I20110421-1800,"org.eclipse.ui.navigator.ProjectExplorer",1329513243385
opened,editor,org.eclipse.wst.xml.ui,1.1.201.v201108151912,"org.eclipse.wst.xml.ui.internal.tabletree.XMLMultiPageEditorPart",1329513253599
activated,editor,org.eclipse.wst.xml.ui,1.1.201.v201108151912,"org.eclipse.wst.xml.ui.internal.tabletree.XMLMultiPageEditorPart",1329513253721
activated,view,org.eclipse.ui.navigator.resources,3.4.300.I20110421-1800,"org.eclipse.ui.navigator.ProjectExplorer",1329513253750
opened,editor,org.eclipse.jdt.ui,3.7.1.r371_v20110824-0800,"org.eclipse.jdt.ui.CompilationUnitEditor",1329513262093
activated,editor,org.eclipse.jdt.ui,3.7.1.r371_v20110824-0800,"org.eclipse.jdt.ui.CompilationUnitEditor",1329513262218
activated,view,org.eclipse.ui.navigator.resources,3.4.300.I20110421-1800,"org.eclipse.ui.navigator.ProjectExplorer",1329513262239
activated,editor,org.eclipse.jdt.ui,3.7.1.r371_v20110824-0800,"org.eclipse.jdt.ui.CompilationUnitEditor",1329513264353
opened,editor,org.eclipse.jdt.ui,3.7.1.r371_v20110824-0800,"org.eclipse.jdt.ui.CompilationUnitEditor",1329513264564
activated,editor,org.eclipse.jdt.ui,3.7.1.r371_v20110824-0800,"org.eclipse.jdt.ui.CompilationUnitEditor",1329513264635
executed,command,,,"AUTOGEN:::org.eclipse.jdt.internal.ui.CompilationUnitEditor.ruler.actions/org.eclipse.jdt.internal.ui.javaeditor.JavaSelectRulerAction",1329513272550
deactivated,workbench,org.eclipse.ui.workbench,3.7.0.I20110519-0100,"",1329513273362
activated,workbench,org.eclipse.ui.workbench,3.7.0.I20110519-0100,"",1329513273683
executed,command,org.eclipse.ui,3.7.0.I20110602-0100,"org.eclipse.ui.edit.copy",1329513275923
activated,editor,org.eclipse.jdt.ui,3.7.1.r371_v20110824-0800,"org.eclipse.jdt.ui.CompilationUnitEditor",1329513276876
executed,command,org.eclipse.ui,3.7.0.I20110602-0100,"org.eclipse.ui.edit.paste",1329513278701
deactivated,workbench,org.eclipse.ui.workbench,3.7.0.I20110519-0100,"",1329513280152
executed,command,org.eclipse.jdt.ui,3.7.1.r371_v20110824-0800,"org.eclipse.jdt.ui.edit.text.java.organize.imports",1329513283043
activated,workbench,org.eclipse.ui.workbench,3.7.0.I20110519-0100,"",1329513283063
executed,command,org.eclipse.ui,3.7.0.I20110602-0100,"org.eclipse.ui.edit.paste",1329513290093
executed,command,,,"AUTOGEN:::org.eclipse.jdt.internal.ui.CompilationUnitEditor.ruler.actions/org.eclipse.jdt.internal.ui.javaeditor.JavaSelectRulerAction",1329513291639
deactivated,workbench,org.eclipse.ui.workbench,3.7.0.I20110519-0100,"",1329513292240
activated,workbench,org.eclipse.ui.workbench,3.7.0.I20110519-0100,"",1329513292592
executed,command,org.eclipse.ui,3.7.0.I20110602-0100,"org.eclipse.ui.edit.copy",1329513296150
activated,editor,org.eclipse.jdt.ui,3.7.1.r371_v20110824-0800,"org.eclipse.jdt.ui.CompilationUnitEditor",1329513297099
activated,editor,org.eclipse.wst.xml.ui,1.1.201.v201108151912,"org.eclipse.wst.xml.ui.internal.tabletree.XMLMultiPageEditorPart",1329513298529
executed,command,org.eclipse.ui,3.7.0.I20110602-0100,"org.eclipse.ui.edit.paste",1329513302851
executed,command,org.eclipse.ui,3.7.0.I20110602-0100,"org.eclipse.ui.file.save",1329513304366
activated,view,org.eclipse.ui.console,3.5.100.v20110511,"org.eclipse.ui.console.ConsoleView",1329513314425
activated,editor,org.eclipse.wst.xml.ui,1.1.201.v201108151912,"org.eclipse.wst.xml.ui.internal.tabletree.XMLMultiPageEditorPart",1329513315503
executed,command,org.eclipse.ui,3.7.0.I20110602-0100,"org.eclipse.ui.file.save",1329513318072
activated,view,org.eclipse.ui.navigator.resources,3.4.300.I20110421-1800,"org.eclipse.ui.navigator.ProjectExplorer",1329513323409
activated,editor,org.eclipse.jdt.ui,3.7.1.r371_v20110824-0800,"org.eclipse.jdt.ui.CompilationUnitEditor",1329513323642
activated,view,org.eclipse.ui.navigator.resources,3.4.300.I20110421-1800,"org.eclipse.ui.navigator.ProjectExplorer",1329513323663
activated,editor,org.eclipse.jdt.ui,3.7.1.r371_v20110824-0800,"org.eclipse.jdt.ui.CompilationUnitEditor",1329513328396
executed,command,org.eclipse.ui,3.7.0.I20110602-0100,"org.eclipse.ui.edit.text.contentAssist.proposals",1329513331248
executed,command,org.eclipse.ui,3.7.0.I20110602-0100,"org.eclipse.ui.edit.text.contentAssist.proposals",1329513334626
executed,command,org.eclipse.ui,3.7.0.I20110602-0100,"org.eclipse.ui.edit.copy",1329513336773
executed,command,org.eclipse.ui,3.7.0.I20110602-0100,"org.eclipse.ui.edit.paste",1329513338189
executed,command,org.eclipse.jdt.ui,3.7.1.r371_v20110824-0800,"org.eclipse.jdt.ui.edit.text.java.organize.imports",1329513340824
executed,command,org.eclipse.ui,3.7.0.I20110602-0100,"org.eclipse.ui.file.save",1329513341874
executed,command,org.eclipse.ui.workbench.texteditor,3.7.0.v20110505-0800,"org.eclipse.ui.edit.text.select.wordPrevious",1329513352210
executed,command,org.eclipse.ui.workbench.texteditor,3.7.0.v20110505-0800,"org.eclipse.ui.edit.text.select.wordPrevious",1329513352507
executed,command,org.eclipse.ui.workbench.texteditor,3.7.0.v20110505-0800,"org.eclipse.ui.edit.text.select.wordPrevious",1329513352745
executed,command,org.eclipse.jdt.ui,3.7.1.r371_v20110824-0800,"org.eclipse.jdt.ui.edit.text.java.rename.element",1329513353953
started,bundle,org.eclipse.ant.ui,3.5.100.v20110510,"org.eclipse.ant.ui",1329513356881
executed,command,org.eclipse.ui.workbench.texteditor,3.7.0.v20110505-0800,"org.eclipse.ui.edit.text.select.wordNext",1329513364915
executed,command,org.eclipse.ui.workbench.texteditor,3.7.0.v20110505-0800,"org.eclipse.ui.edit.text.select.wordNext",1329513365211
executed,command,org.eclipse.jdt.ui,3.7.1.r371_v20110824-0800,"org.eclipse.jdt.ui.edit.text.java.rename.element",1329513367124
executed,command,org.eclipse.ui,3.7.0.I20110602-0100,"org.eclipse.ui.edit.copy",1329513374195
activated,editor,org.eclipse.wst.xml.ui,1.1.201.v201108151912,"org.eclipse.wst.xml.ui.internal.tabletree.XMLMultiPageEditorPart",1329513375485
executed,command,org.eclipse.ui,3.7.0.I20110602-0100,"org.eclipse.ui.edit.paste",1329513381335
executed,command,org.eclipse.ui,3.7.0.I20110602-0100,"org.eclipse.ui.edit.paste",1329513384272
executed,command,org.eclipse.ui,3.7.0.I20110602-0100,"org.eclipse.ui.file.save",1329513387023
executed,command,org.eclipse.ui,3.7.0.I20110602-0100,"org.eclipse.ui.edit.copy",1329513389222
executed,command,org.eclipse.ui,3.7.0.I20110602-0100,"org.eclipse.ui.edit.paste",1329513391724
executed,command,org.eclipse.ui,3.7.0.I20110602-0100,"org.eclipse.ui.file.save",1329513393543
activated,editor,org.eclipse.jdt.ui,3.7.1.r371_v20110824-0800,"org.eclipse.jdt.ui.CompilationUnitEditor",1329513399280
activated,view,org.eclipse.ui.console,3.5.100.v20110511,"org.eclipse.ui.console.ConsoleView",1329513403529
activated,editor,org.eclipse.jdt.ui,3.7.1.r371_v20110824-0800,"org.eclipse.jdt.ui.CompilationUnitEditor",1329513405646
activated,editor,org.eclipse.wst.xml.ui,1.1.201.v201108151912,"org.eclipse.wst.xml.ui.internal.tabletree.XMLMultiPageEditorPart",1329513407529
activated,editor,org.eclipse.jdt.ui,3.7.1.r371_v20110824-0800,"org.eclipse.jdt.ui.CompilationUnitEditor",1329513411193
executed,command,org.eclipse.ui,3.7.0.I20110602-0100,"org.eclipse.ui.file.save",1329513422527
activated,view,org.eclipse.ui.console,3.5.100.v20110511,"org.eclipse.ui.console.ConsoleView",1329513423505
activated,editor,org.eclipse.jdt.ui,3.7.1.r371_v20110824-0800,"org.eclipse.jdt.ui.CompilationUnitEditor",1329513424401
activated,editor,org.eclipse.wst.xml.ui,1.1.201.v201108151912,"org.eclipse.wst.xml.ui.internal.tabletree.XMLMultiPageEditorPart",1329513426492
closed,editor,org.eclipse.jdt.ui,3.7.1.r371_v20110824-0800,"org.eclipse.jdt.ui.CompilationUnitEditor",1329513426492
activated,editor,org.eclipse.jdt.ui,3.7.1.r371_v20110824-0800,"org.eclipse.jdt.ui.CompilationUnitEditor",1329513427833
activated,editor,org.eclipse.wst.xml.ui,1.1.201.v201108151912,"org.eclipse.wst.xml.ui.internal.tabletree.XMLMultiPageEditorPart",1329513428322
closed,editor,org.eclipse.jdt.ui,3.7.1.r371_v20110824-0800,"org.eclipse.jdt.ui.CompilationUnitEditor",1329513428322
activated,editor,org.eclipse.jdt.ui,3.7.1.r371_v20110824-0800,"org.eclipse.jdt.ui.CompilationUnitEditor",1329513429519
closed,editor,org.eclipse.wst.xml.ui,1.1.201.v201108151912,"org.eclipse.wst.xml.ui.internal.tabletree.XMLMultiPageEditorPart",1329513429519
opened,editor,org.eclipse.jdt.ui,3.7.1.r371_v20110824-0800,"org.eclipse.jdt.ui.CompilationUnitEditor",1329513433357
activated,editor,org.eclipse.jdt.ui,3.7.1.r371_v20110824-0800,"org.eclipse.jdt.ui.CompilationUnitEditor",1329513433451
executed,command,org.eclipse.ui,3.7.0.I20110602-0100,"org.eclipse.ui.file.save",1329513440558
executed,command,org.eclipse.ui,3.7.0.I20110602-0100,"org.eclipse.ui.file.save",1329513452309
activated,view,org.eclipse.ui.console,3.5.100.v20110511,"org.eclipse.ui.console.ConsoleView",1329513453930
activated,editor,org.eclipse.jdt.ui,3.7.1.r371_v20110824-0800,"org.eclipse.jdt.ui.CompilationUnitEditor",1329513455815
activated,editor,org.eclipse.jdt.ui,3.7.1.r371_v20110824-0800,"org.eclipse.jdt.ui.CompilationUnitEditor",1329513456240
closed,editor,org.eclipse.jdt.ui,3.7.1.r371_v20110824-0800,"org.eclipse.jdt.ui.CompilationUnitEditor",1329513456240
activated,view,org.eclipse.ui.console,3.5.100.v20110511,"org.eclipse.ui.console.ConsoleView",1329513458067
closed,editor,org.eclipse.jdt.ui,3.7.1.r371_v20110824-0800,"org.eclipse.jdt.ui.CompilationUnitEditor",1329513458073
activated,view,org.eclipse.ui.navigator.resources,3.4.300.I20110421-1800,"org.eclipse.ui.navigator.ProjectExplorer",1329513460320
opened,editor,org.eclipse.jdt.ui,3.7.1.r371_v20110824-0800,"org.eclipse.jdt.ui.CompilationUnitEditor",1329513461023
activated,editor,org.eclipse.jdt.ui,3.7.1.r371_v20110824-0800,"org.eclipse.jdt.ui.CompilationUnitEditor",1329513461112
activated,view,org.eclipse.ui.navigator.resources,3.4.300.I20110421-1800,"org.eclipse.ui.navigator.ProjectExplorer",1329513461136
activated,editor,org.eclipse.jdt.ui,3.7.1.r371_v20110824-0800,"org.eclipse.jdt.ui.CompilationUnitEditor",1329513462960
executed,command,org.eclipse.ui,3.7.0.I20110602-0100,"org.eclipse.ui.edit.text.contentAssist.proposals",1329513464879
deactivated,workbench,org.eclipse.ui.workbench,3.7.0.I20110519-0100,"",1329513465779
activated,workbench,org.eclipse.ui.workbench,3.7.0.I20110519-0100,"",1329513466014
executed,command,org.eclipse.ui,3.7.0.I20110602-0100,"org.eclipse.ui.edit.text.contentAssist.proposals",1329513466873
executed,command,org.eclipse.ui,3.7.0.I20110602-0100,"org.eclipse.ui.edit.copy",1329513468648
executed,command,org.eclipse.ui,3.7.0.I20110602-0100,"org.eclipse.ui.edit.paste",1329513469956
executed,command,org.eclipse.jdt.ui,3.7.1.r371_v20110824-0800,"org.eclipse.jdt.ui.edit.text.java.organize.imports",1329513472919
executed,command,org.eclipse.ui,3.7.0.I20110602-0100,"org.eclipse.ui.edit.selectAll",1329513473465
executed,command,org.eclipse.jdt.ui,3.7.1.r371_v20110824-0800,"org.eclipse.jdt.ui.edit.text.java.format",1329513473836
executed,command,org.eclipse.ui,3.7.0.I20110602-0100,"org.eclipse.ui.file.save",1329513474621
activated,view,org.eclipse.ui.navigator.resources,3.4.300.I20110421-1800,"org.eclipse.ui.navigator.ProjectExplorer",1329513477838
closed,editor,org.eclipse.jdt.ui,3.7.1.r371_v20110824-0800,"org.eclipse.jdt.ui.CompilationUnitEditor",1329513477838
executed,command,org.eclipse.ui,3.7.0.I20110602-0100,"org.eclipse.ui.navigate.collapseAll",1329513478829
executed,command,org.eclipse.m2e.launching,1.0.100.20110804-1717,"org.eclipse.m2e.actions.LifeCycleClean.run",1329513481960
executed,command,org.eclipse.m2e.launching,1.0.100.20110804-1717,"org.eclipse.m2e.actions.LifeCycleInstall.run",1329513488147
deactivated,workbench,org.eclipse.ui.workbench,3.7.0.I20110519-0100,"",1329513497864
activated,workbench,org.eclipse.ui.workbench,3.7.0.I20110519-0100,"",1329513498690
deactivated,workbench,org.eclipse.ui.workbench,3.7.0.I20110519-0100,"",1329513528543
activated,workbench,org.eclipse.ui.workbench,3.7.0.I20110519-0100,"",1329513573421
opened,editor,org.eclipse.jdt.ui,3.7.1.r371_v20110824-0800,"org.eclipse.jdt.ui.CompilationUnitEditor",1329513578947
activated,editor,org.eclipse.jdt.ui,3.7.1.r371_v20110824-0800,"org.eclipse.jdt.ui.CompilationUnitEditor",1329513579029
activated,view,org.eclipse.ui.navigator.resources,3.4.300.I20110421-1800,"org.eclipse.ui.navigator.ProjectExplorer",1329513579072
activated,editor,org.eclipse.jdt.ui,3.7.1.r371_v20110824-0800,"org.eclipse.jdt.ui.CompilationUnitEditor",1329513581803
executed,command,org.eclipse.jdt.ui,3.7.1.r371_v20110824-0800,"org.eclipse.jdt.ui.edit.text.java.rename.element",1329513587002
activated,view,org.eclipse.ui.navigator.resources,3.4.300.I20110421-1800,"org.eclipse.ui.navigator.ProjectExplorer",1329513600392
activated,editor,org.eclipse.jdt.ui,3.7.1.r371_v20110824-0800,"org.eclipse.jdt.ui.CompilationUnitEditor",1329513603337
executed,command,,,"AUTOGEN:::org.eclipse.jdt.internal.ui.CompilationUnitEditor.ruler.actions/org.eclipse.jdt.internal.ui.javaeditor.JavaSelectRulerAction",1329513609835
executed,command,,,"AUTOGEN:::org.eclipse.jdt.internal.ui.CompilationUnitEditor.ruler.actions/org.eclipse.jdt.internal.ui.javaeditor.JavaSelectRulerAction",1329513612183
deactivated,workbench,org.eclipse.ui.workbench,3.7.0.I20110519-0100,"",1329513612849
activated,workbench,org.eclipse.ui.workbench,3.7.0.I20110519-0100,"",1329513613213
executed,command,org.eclipse.ui,3.7.0.I20110602-0100,"org.eclipse.ui.file.save",1329513624321
activated,view,org.eclipse.ui.navigator.resources,3.4.300.I20110421-1800,"org.eclipse.ui.navigator.ProjectExplorer",1329513626132
activated,view,org.eclipse.ui.console,3.5.100.v20110511,"org.eclipse.ui.console.ConsoleView",1329513634135
activated,view,org.eclipse.ui.navigator.resources,3.4.300.I20110421-1800,"org.eclipse.ui.navigator.ProjectExplorer",1329513635399
executed,command,org.eclipse.m2e.launching,1.0.100.20110804-1717,"org.eclipse.m2e.actions.LifeCycleClean.run",1329513638305
executed,command,org.eclipse.m2e.launching,1.0.100.20110804-1717,"org.eclipse.m2e.actions.LifeCycleInstall.run",1329513641192
deactivated,workbench,org.eclipse.ui.workbench,3.7.0.I20110519-0100,"",1329513641455
activated,workbench,org.eclipse.ui.workbench,3.7.0.I20110519-0100,"",1329513642212
deactivated,workbench,org.eclipse.ui.workbench,3.7.0.I20110519-0100,"",1329513645922
activated,workbench,org.eclipse.ui.workbench,3.7.0.I20110519-0100,"",1329513646982
deactivated,workbench,org.eclipse.ui.workbench,3.7.0.I20110519-0100,"",1329513657596
activated,workbench,org.eclipse.ui.workbench,3.7.0.I20110519-0100,"",1329513666194
deactivated,workbench,org.eclipse.ui.workbench,3.7.0.I20110519-0100,"",1329513668528
activated,workbench,org.eclipse.ui.workbench,3.7.0.I20110519-0100,"",1329513690622
deactivated,workbench,org.eclipse.ui.workbench,3.7.0.I20110519-0100,"",1329513693687
activated,workbench,org.eclipse.ui.workbench,3.7.0.I20110519-0100,"",1329513710208
deactivated,workbench,org.eclipse.ui.workbench,3.7.0.I20110519-0100,"",1329513711260
activated,workbench,org.eclipse.ui.workbench,3.7.0.I20110519-0100,"",1329514089916
deactivated,workbench,org.eclipse.ui.workbench,3.7.0.I20110519-0100,"",1329514091267
activated,workbench,org.eclipse.ui.workbench,3.7.0.I20110519-0100,"",1329514101363
deactivated,workbench,org.eclipse.ui.workbench,3.7.0.I20110519-0100,"",1329514112683
opened,editor,org.eclipse.jdt.ui,3.7.1.r371_v20110824-0800,"org.eclipse.jdt.ui.PropertiesFileEditor",1329514120620
activated,editor,org.eclipse.jdt.ui,3.7.1.r371_v20110824-0800,"org.eclipse.jdt.ui.PropertiesFileEditor",1329514120679
executed,command,org.eclipse.ui,3.7.0.I20110602-0100,"org.eclipse.ui.newWizard",1329514120852
activated,workbench,org.eclipse.ui.workbench,3.7.0.I20110519-0100,"",1329514120869
executed,command,org.eclipse.ui,3.7.0.I20110602-0100,"org.eclipse.ui.edit.paste",1329514124424
deactivated,workbench,org.eclipse.ui.workbench,3.7.0.I20110519-0100,"",1329514130340
activated,workbench,org.eclipse.ui.workbench,3.7.0.I20110519-0100,"",1329514136391
executed,command,org.eclipse.ui,3.7.0.I20110602-0100,"org.eclipse.ui.edit.paste",1329514137623
executed,command,org.eclipse.ui,3.7.0.I20110602-0100,"org.eclipse.ui.file.save",1329514138659
activated,editor,org.eclipse.jdt.ui,3.7.1.r371_v20110824-0800,"org.eclipse.jdt.ui.CompilationUnitEditor",1329514140218
closed,editor,org.eclipse.jdt.ui,3.7.1.r371_v20110824-0800,"org.eclipse.jdt.ui.PropertiesFileEditor",1329514140218
activated,view,org.eclipse.ui.navigator.resources,3.4.300.I20110421-1800,"org.eclipse.ui.navigator.ProjectExplorer",1329514141236
closed,editor,org.eclipse.jdt.ui,3.7.1.r371_v20110824-0800,"org.eclipse.jdt.ui.CompilationUnitEditor",1329514141236
deactivated,workbench,org.eclipse.ui.workbench,3.7.0.I20110519-0100,"",1329514143599
